email,first_name,last_name,company,role
alex.johnson@example.com,Alex,Johnson,Acme Corp,Engineering Lead
sarah.smith@techflow.io,Sarah,Smith,TechFlow,Product Manager
michael.brown@innovate.co,Michael,Brown,InnovateCo,Head of Outreach
emily.davis@cloudscale.net,Emily,Davis,CloudScale,CTO
david.wilson@nexusai.org,David,Wilson,Nexus AI,Founder & CEO
jessica.taylor@growthhub.com,Jessica,Taylor,GrowthHub,Marketing Director
james.anderson@nextgen.dev,James,Anderson,NextGen Dev,Senior Developer
olivia.martin@alphaops.io,Olivia,Martin,AlphaOps,Operations Lead
daniel.white@summitlab.com,Daniel,White,Summit Labs,VP Sales
sophia.harris@venturepulse.co,Sophia,Harris,VenturePulse,Managing Partner
ryan.clark@beacontech.io,Ryan,Clark,Beacon Tech,Lead Architect
hannah.lewis@starlight.org,Hannah,Lewis,Starlight,Product Lead
kevin.hall@apexdata.com,Kevin,Hall,Apex Data,Data Engineer
laura.young@quantumsys.co,Laura,Young,Quantum Systems,Operations VP
robert.king@hyperion.dev,Robert,King,Hyperion,DevOps Engineer
